date,fxt_send,fxt_receive,send,sell,exr
2020-12-31,1097.5,1076.5,1106.02,1067.98,1088
2020-12-30,1098,1077,1106.53,1068.47,1093.2
2020-12-29,1105.1,1083.9,1113.65,1075.35,1098.2
2020-12-28,1107.1,1085.9,1115.68,1077.32,1103.7
2020-12-24,1113.6,1092.4,1122.3,1083.7,1108.9
2020-12-23,1117.7,1096.3,1126.37,1087.63,1106.6
2020-12-22,1118.2,1096.8,1126.88,1088.12,1101.2
2020-12-21,1114.7,1093.3,1123.32,1084.68,1097.9
2020-12-18,1109.1,1087.9,1117.72,1079.28,1092.8
2020-12-17,1104.1,1082.9,1112.63,1074.37,1092.2
2020-12-16,1101,1080,1109.58,1071.42,1093.2
2020-12-15,1105.1,1083.9,1113.65,1075.35,1090.8
2020-12-14,1101.5,1080.5,1110.09,1071.91,1089.3
2020-12-11,1102.5,1081.5,1111.11,1072.89,1086.2
2020-12-10,1099.5,1078.5,1108.05,1069.95,1083.6
2020-12-09,1096,1075,1104.49,1066.51,1084.4
2020-12-08,1095.5,1074.5,1103.98,1066.02,1082.7
2020-12-07,1096.5,1075.5,1105,1067,1086.6
2020-12-04,1094.5,1073.5,1102.97,1065.03,1098.1
2020-12-03,1104.6,1083.4,1113.14,1074.86,1103.3
2020-12-02,1113.1,1091.9,1121.79,1083.21,1107.1
2020-12-01,1119.2,1097.8,1127.89,1089.11,1104.9
2020-11-30,1117.7,1096.3,1126.37,1087.63,1104.4
2020-11-27,1115.7,1094.3,1124.33,1085.67,1105.8
2020-11-26,1117.2,1095.8,1125.86,1087.14,1107.2
2020-11-25,1118.2,1096.8,1126.88,1088.12,1111.2
2020-11-24,1120.7,1099.3,1129.42,1090.58,1112.6
2020-11-23,1122.7,1101.3,1131.46,1092.54,1114.2
2020-11-20,1127.3,1105.7,1136.03,1096.97,1112.2
2020-11-19,1128.8,1107.2,1137.56,1098.44,1105.9
2020-11-18,1114.2,1092.8,1122.81,1084.19,1106.8
2020-11-17,1116.7,1095.3,1125.35,1086.65,1108
2020-11-16,1117.7,1096.3,1126.37,1087.63,1115.1
2020-11-13,1124.3,1102.7,1132.98,1094.02,1113.2
2020-11-12,1126.3,1104.7,1135.02,1095.98,1112.4
2020-11-11,1123.7,1102.3,1132.47,1093.53,1115.9
2020-11-10,1125.8,1104.2,1134.51,1095.49,1115.6
2020-11-09,1126.3,1104.7,1135.02,1095.98,1124.4
2020-11-06,1131.8,1110.2,1140.61,1101.39,1130.9
2020-11-05,1137.9,1116.1,1146.72,1107.28,1136.5
2020-11-04,1155,1133,1164.02,1123.98,1134.6
2020-11-03,1144.4,1122.6,1153.33,1113.67,1134.7
2020-11-02,1146.5,1124.5,1155.37,1115.63,1130.4
2020-10-30,1145.5,1123.5,1154.35,1114.65,1133.4
2020-10-29,1144.4,1122.6,1153.33,1113.67,1129.3
2020-10-28,1144.4,1122.6,1153.33,1113.67,1127.6
2020-10-27,1138.4,1116.6,1147.23,1107.77,1129.1
2020-10-26,1141.4,1119.6,1150.28,1110.72,1134.6
2020-10-23,1138.9,1117.1,1147.74,1108.26,1134.1
2020-10-22,1146,1124,1154.86,1115.14,1133.7
2020-10-21,1144.4,1122.6,1153.33,1113.67,1139.7
2020-10-20,1150.5,1128.5,1159.44,1119.56,1142.2
2020-10-19,1151.5,1129.5,1160.45,1120.55,1145.6
2020-10-16,1157.1,1134.9,1166.05,1125.95,1144.6
2020-10-15,1159.1,1136.9,1168.09,1127.91,1145.7
2020-10-14,1156.1,1133.9,1165.03,1124.97,1149.5
2020-10-13,1157.1,1134.9,1166.05,1125.95,1148.3
2020-10-12,1161.6,1139.4,1170.63,1130.37,1156.2
2020-10-08,1163.6,1141.4,1172.66,1132.34,1162.5
2020-10-07,1169.2,1146.8,1178.26,1137.74,1160
2020-10-06,1173.2,1150.8,1182.33,1141.67,1163.4
2020-10-05,1172.2,1149.8,1181.31,1140.69,1169.5
2020-09-29,1180.3,1157.7,1189.45,1148.55,1173.5
2020-09-28,1184.8,1162.2,1194.03,1152.97,1170.5
2020-09-25,1183.3,1160.7,1192.51,1151.49,1170.3
2020-09-24,1185.3,1162.7,1194.54,1153.46,1164.4
2020-09-23,1173.7,1151.3,1182.84,1142.16,1163.9
2020-09-22,1174.2,1151.8,1183.35,1142.65,1160.6
2020-09-21,1174.2,1151.8,1183.35,1142.65,1163.6
2020-09-18,1172.2,1149.8,1181.31,1140.69,1175.4
2020-09-17,1184.3,1161.7,1193.52,1152.48,1177.8
2020-09-16,1185.3,1162.7,1194.54,1153.46,1180.5
2020-09-15,1190.9,1168.1,1200.14,1158.86,1184.2
2020-09-14,1194.4,1171.6,1203.7,1162.3,1188.3
2020-09-11,1198.5,1175.5,1207.77,1166.23,1185.3
2020-09-10,1199,1176,1208.28,1166.72,1189.6
2020-09-09,1199.5,1176.5,1208.79,1167.21,1187.9
2020-09-08,1200.5,1177.5,1209.8,1168.2,1187.2
2020-09-07,1199.5,1176.5,1208.79,1167.21,1190.2
2020-09-04,1200.5,1177.5,1209.8,1168.2,1187.5
2020-09-03,1200.5,1177.5,1209.8,1168.2,1186.2
2020-09-02,1198.5,1175.5,1207.77,1166.23,1184.6
2020-09-01,1195.9,1173.1,1205.22,1163.78,1183.3
2020-08-31,1198.5,1175.5,1207.77,1166.23,1185.1
2020-08-28,1195.4,1172.6,1204.72,1163.28,1185.7
2020-08-27,1195.9,1173.1,1205.22,1163.78,1187
2020-08-26,1198,1175,1207.26,1165.74,1186.3
2020-08-25,1198.5,1175.5,1207.77,1166.23,1190
2020-08-24,1199.5,1176.5,1208.79,1167.21,1185.3
2020-08-21,1200.5,1177.5,1209.8,1168.2,1186.3
2020-08-20,1199,1176,1208.28,1166.72,1182.3
2020-08-19,1190.9,1168.1,1200.14,1158.86,1185.1
2020-08-18,1195.9,1173.1,1205.22,1163.78,1185.8
2020-08-14,1197.5,1174.5,1206.75,1165.25,1183.6
2020-08-13,1195.4,1172.6,1204.72,1163.28,1186
2020-08-12,1196.4,1173.6,1205.73,1164.27,1184.9
2020-08-11,1196.4,1173.6,1205.73,1164.27,1186.7
2020-08-10,1199,1176,1208.28,1166.72,1185.9
2020-08-07,1196.9,1174.1,1206.24,1164.76,1184.3
2020-08-06,1196.9,1174.1,1206.24,1164.76,1190.3
2020-08-05,1199,1176,1208.28,1166.72,1193.5
2020-08-04,1205.5,1182.5,1214.89,1173.11,1193.7
2020-08-03,1206,1183,1215.4,1173.6,1189.1
2020-07-31,1201.5,1178.5,1210.82,1169.18,1191.4
2020-07-30,1207.6,1184.4,1216.93,1175.07,1195.2
2020-07-29,1204.5,1181.5,1213.87,1172.13,1195.1
2020-07-28,1211.1,1187.9,1220.49,1178.51,1196.6
2020-07-27,1208.6,1185.4,1217.94,1176.06,1201.3
2020-07-24,1214.6,1191.4,1224.05,1181.95,1198.5
2020-07-23,1208.1,1184.9,1217.43,1175.57,1193.7
2020-07-22,1209.6,1186.4,1218.96,1177.04,1198.1
2020-07-21,1208.1,1184.9,1217.43,1175.57,1203.7
2020-07-20,1215.1,1191.9,1224.56,1182.44,1205.7
2020-07-17,1216.1,1192.9,1225.57,1183.43,1204.1
2020-07-16,1216.1,1192.9,1225.57,1183.43,1200.7
2020-07-15,1213.1,1189.9,1222.52,1180.48,1206.4
2020-07-14,1217.1,1193.9,1226.59,1184.41,1200.3
2020-07-13,1215.1,1191.9,1224.56,1182.44,1202.4
2020-07-10,1213.1,1189.9,1222.52,1180.48,1194.5
2020-07-09,1206.5,1183.5,1215.91,1174.09,1195.8
2020-07-08,1207,1184,1216.42,1174.58,1192.9
2020-07-07,1208.6,1185.4,1217.94,1176.06,1196.8
2020-07-06,1206.5,1183.5,1215.91,1174.09,1200.4
2020-07-03,1210.6,1187.4,1219.98,1178.02,1201
2020-07-02,1211.6,1188.4,1221,1179,1201.6
2020-07-01,1214.6,1191.4,1224.05,1181.95,1198.5
2020-06-30,1215.1,1191.9,1224.56,1182.44,1200.7
2020-06-29,1212.1,1188.9,1221.5,1179.5,1198.6
2020-06-26,1211.1,1187.9,1220.49,1178.51,1205.2
2020-06-25,1215.6,1192.4,1225.07,1182.93,1202.9
2020-06-24,1214.1,1190.9,1223.54,1181.46,1210.1
2020-06-23,1220.7,1197.3,1230.15,1187.85,1213.2
2020-06-22,1225.2,1201.8,1234.73,1192.27,1212
2020-06-19,1219.7,1196.3,1229.14,1186.86,1213
2020-06-18,1220.7,1197.3,1230.15,1187.85,1214.5
2020-06-17,1224.7,1201.3,1234.22,1191.78,1206.6
2020-06-16,1224.2,1200.8,1233.71,1191.29,1210.8
2020-06-15,1226.7,1203.3,1236.26,1193.74,1206.6
2020-06-12,1214.6,1191.4,1224.05,1181.95,1192.8
2020-06-11,1206,1183,1215.4,1173.6,1194.4
2020-06-10,1200.5,1177.5,1209.8,1168.2,1197.7
2020-06-09,1212.1,1188.9,1221.5,1179.5,1204.2
2020-06-08,1212.6,1189.4,1222.01,1179.99,1213.1
2020-06-05,1220.7,1197.3,1230.15,1187.85,1217.4
2020-06-04,1230.8,1207.2,1240.33,1197.67,1216.9
2020-06-03,1229.3,1205.7,1238.8,1196.2,1224.1
2020-06-02,1233.8,1210.2,1243.38,1200.62,1227.8
2020-06-01,1238.9,1215.1,1248.47,1205.53,1237.6
2020-05-29,1249.5,1225.5,1259.15,1215.85,1239.4
2020-05-28,1252,1228,1261.7,1218.3,1233.7
2020-05-27,1248.4,1224.6,1258.13,1214.87,1237.1
2020-05-26,1244.4,1220.6,1254.06,1210.94,1242
2020-05-25,1253.5,1229.5,1263.22,1219.78,1236.2
2020-05-22,1252.5,1228.5,1262.2,1218.8,1230.7
2020-05-21,1241.9,1218.1,1251.52,1208.48,1227.8
2020-05-20,1242.9,1219.1,1252.54,1209.46,1224.5
2020-05-19,1237.8,1214.2,1247.45,1204.55,1231.6
2020-05-18,1246.1,1222.3,1255.79,1212.61,1229.3
2020-05-15,1242.4,1218.6,1252.03,1208.97,1227.9
2020-05-14,1239.4,1215.6,1248.98,1206.02,1226.3
2020-05-13,1236.8,1213.2,1246.43,1203.57,1226.7
2020-05-12,1237.3,1213.7,1246.94,1204.06,1217.8
2020-05-11,1234.8,1211.2,1244.4,1201.6,1217.7
2020-05-08,1232.8,1209.2,1242.36,1199.64,1226.5
2020-05-07,1237.3,1213.7,1246.94,1204.06,1223.3
2020-05-06,1235.8,1212.2,1245.42,1202.58,1227.8
2020-05-04,1237.3,1213.7,1246.94,1204.06,1218.5
2020-04-29,1230.8,1207.2,1240.33,1197.67,1225.2
2020-04-28,1234.3,1210.7,1243.89,1201.11,1230.3
2020-04-27,1238.9,1215.1,1248.47,1205.53,1235.8
2020-04-24,1244.4,1220.6,1254.06,1210.94,1232
2020-04-23,1241.9,1218.1,1251.52,1208.48,1235.2
2020-04-22,1244.9,1221.1,1254.57,1211.43,1231.3
2020-04-21,1242.9,1219.1,1252.54,1209.46,1218.7
2020-04-20,1231.3,1207.7,1240.84,1198.16,1219.3
2020-04-17,1228.8,1205.2,1238.29,1195.71,1227.5
2020-04-16,1237.8,1214.2,1247.45,1204.55,1216.7
2020-04-14,1227.7,1204.3,1237.28,1194.72,1218.7
2020-04-13,1229.3,1205.7,1238.8,1196.2,1212.3
2020-04-10,1223.7,1200.3,1233.21,1190.79,1216.4
2020-04-09,1231.8,1208.2,1241.35,1198.65,1219.7
2020-04-08,1233.3,1209.7,1242.87,1200.13,1222.4
2020-04-07,1227.7,1204.3,1237.28,1194.72,1233.4
2020-04-06,1241.9,1218.1,1251.52,1208.48,1229.8
2020-04-03,1244.9,1221.1,1254.57,1211.43,1237.6
2020-04-02,1239.4,1215.6,1248.98,1206.02,1222.2
2020-04-01,1243.4,1219.6,1253.05,1209.95,1220
2020-03-31,1234.8,1211.2,1244.4,1201.6,1222.6
2020-03-30,1236.3,1212.7,1245.92,1203.08,1212.4
2020-03-27,1233.8,1210.2,1243.38,1200.62,1227.9
2020-03-26,1240.9,1217.1,1250.5,1207.5,1230.7
2020-03-25,1241.9,1218.1,1251.52,1208.48,1256
2020-03-24,1258.5,1234.5,1268.31,1224.69,1274.6
2020-03-23,1277.7,1253.3,1287.64,1243.36,1254.1
2020-03-20,1253.5,1229.5,1263.22,1219.78,1280.1
2020-03-19,1292.4,1267.6,1302.4,1257.6,1237.8
2020-03-18,1269.1,1244.9,1278.99,1235.01,1241.2
2020-03-17,1253,1229,1262.71,1219.29,1219.6
2020-03-16,1238.9,1215.1,1248.47,1205.53,1222.2
2020-03-13,1230.3,1206.7,1239.82,1197.18,1202
2020-03-12,1218.7,1195.3,1228.12,1185.88,1192.8
2020-03-11,1203.5,1180.5,1212.86,1171.14,1196.7
2020-03-10,1206,1183,1215.4,1173.6,1201.4
2020-03-09,1213.6,1190.4,1223.03,1180.97,1191.4
2020-03-06,1199.5,1176.5,1208.79,1167.21,1185
2020-03-05,1196.4,1173.6,1205.73,1164.27,1186.4
2020-03-04,1195.9,1173.1,1205.22,1163.78,1191.4
2020-03-03,1205,1182,1214.38,1172.62,1200.3
2020-03-02,1202.5,1179.5,1211.84,1170.16,1215.3
2020-02-28,1221.7,1198.3,1231.17,1188.83,1215.9
2020-02-27,1226.2,1202.8,1235.75,1193.25,1216.8
2020-02-26,1228.8,1205.2,1238.29,1195.71,1212.7
2020-02-25,1226.7,1203.3,1236.26,1193.74,1217.7
2020-02-24,1229.3,1205.7,1238.8,1196.2,1205.6
2020-02-21,1223.2,1199.8,1232.7,1190.3,1197
2020-02-20,1214.6,1191.4,1224.05,1181.95,1190.8
2020-02-19,1200.5,1177.5,1209.8,1168.2,1188.1
2020-02-18,1202.5,1179.5,1211.84,1170.16,1182.2
2020-02-17,1195.4,1172.6,1204.72,1163.28,1183.5
2020-02-14,1193.9,1171.1,1203.19,1161.81,1181.5
2020-02-13,1192.9,1170.1,1202.17,1160.83,1179.8
2020-02-12,1190.9,1168.1,1200.14,1158.86,1184.1
2020-02-11,1195.4,1172.6,1204.72,1163.28,1189.8
2020-02-10,1199.5,1176.5,1208.79,1167.21,1187.2
2020-02-07,1202.5,1179.5,1211.84,1170.16,1181.4
2020-02-06,1194.9,1172.1,1204.21,1162.79,1188.5
2020-02-05,1196.9,1174.1,1206.24,1164.76,1189.4
2020-02-04,1199,1176,1208.28,1166.72,1196
2020-02-03,1205.5,1182.5,1214.89,1173.11,1187.8
2020-01-31,1205.5,1182.5,1214.89,1173.11,1183.5
2020-01-30,1199.5,1176.5,1208.79,1167.21,1176
2020-01-29,1190.4,1167.6,1199.63,1158.37,1176.7
2020-01-28,1190.4,1167.6,1199.63,1158.37,1167.2
2020-01-23,1179.3,1156.7,1188.44,1147.56,1165.1
2020-01-22,1176.8,1154.2,1185.89,1145.11,1164.7
2020-01-21,1178.3,1155.7,1187.42,1146.58,1158.8
2020-01-20,1170.7,1148.3,1179.79,1139.21,1158.8
2020-01-17,1170.2,1147.8,1179.28,1138.72,1159.6
2020-01-16,1170.7,1148.3,1179.79,1139.21,1158.8
2020-01-15,1168.7,1146.3,1177.75,1137.25,1153.1
2020-01-14,1169.7,1147.3,1178.77,1138.23,1155.7
2020-01-13,1167.2,1144.8,1176.23,1135.77,1161.1
2020-01-10,1172.7,1150.3,1181.82,1141.18,1160
2020-01-09,1172.2,1149.8,1181.31,1140.69,1174.1
2020-01-08,1180.8,1158.2,1189.96,1149.04,1165.3
2020-01-07,1177.3,1154.7,1186.4,1145.6,1169.6
2020-01-06,1181.3,1158.7,1190.47,1149.53,1162.7
2020-01-03,1178.8,1156.2,1187.93,1147.07,1156.9
2020-01-02,1168.7,1146.3,1177.75,1137.25,1157.8
2019-12-31,1166.2,1143.8,1175.21,1134.79,1157.8
2019-12-30,1168.2,1145.8,1177.24,1136.76,1160.9
2019-12-27,1173.2,1150.8,1182.33,1141.67,1161.2
2019-12-26,1173.2,1150.8,1182.33,1141.67,1163.7
2019-12-24,1174.2,1151.8,1183.35,1142.65,1161.7
2019-12-23,1175.2,1152.8,1184.37,1143.63,1162.6
2019-12-20,1171.7,1149.3,1180.8,1140.2,1164.5
2019-12-19,1177.3,1154.7,1186.4,1145.6,1165.3
2019-12-18,1178.8,1156.2,1187.93,1147.07,1166.7
2019-12-17,1178.8,1156.2,1187.93,1147.07,1172.9
2019-12-16,1185.3,1162.7,1194.54,1153.46,1171.7
2019-12-13,1182.8,1160.2,1192,1151,1188.6
2019-12-12,1199,1176,1208.28,1166.72,1193.3
2019-12-11,1206.5,1183.5,1215.91,1174.09,1192
2019-12-10,1203.5,1180.5,1212.86,1171.14,1189.3
2019-12-09,1203.5,1180.5,1212.86,1171.14,1189.7
2019-12-06,1201,1178,1210.31,1168.69,1190.2
2019-12-05,1202.5,1179.5,1211.84,1170.16,1193.7
2019-12-04,1204.5,1181.5,1213.87,1172.13,1186.2
2019-12-03,1199.5,1176.5,1208.79,1167.21,1180.4
2019-12-02,1196.9,1174.1,1206.24,1164.76,1180.3
2019-11-29,1191.4,1168.6,1200.65,1159.35,1179.3
2019-11-28,1190.4,1167.6,1199.63,1158.37,1176
2019-11-27,1188.4,1165.6,1197.59,1156.41,1174.4
2019-11-26,1188.9,1166.1,1198.1,1156.9,1176.2
2019-11-25,1187.9,1165.1,1197.08,1155.92,1177.8
2019-11-22,1188.4,1165.6,1197.59,1156.41,1176.5
2019-11-21,1188.4,1165.6,1197.59,1156.41,1170.1
2019-11-20,1182.3,1159.7,1191.49,1150.51,1168.6
2019-11-19,1178.8,1156.2,1187.93,1147.07,1164.5
2019-11-18,1175.7,1153.3,1184.87,1144.13,1166.3
2019-11-15,1178.3,1155.7,1187.42,1146.58,1170.4
2019-11-14,1180.8,1158.2,1189.96,1149.04,1167.6
2019-11-13,1179.3,1156.7,1188.44,1147.56,1163.5
2019-11-12,1173.7,1151.3,1182.84,1142.16,1161.3
2019-11-11,1177.3,1154.7,1186.4,1145.6,1156.1
2019-11-08,1168.7,1146.3,1177.75,1137.25,1160.6
2019-11-07,1168.2,1145.8,1177.24,1136.76,1157.5
2019-11-06,1169.2,1146.8,1178.26,1137.74,1160.1
2019-11-05,1167.2,1144.8,1176.23,1135.77,1160.4
2019-11-04,1172.2,1149.8,1181.31,1140.69,1167.6
2019-11-01,1176.8,1154.2,1185.89,1145.11,1161.7
2019-10-31,1176.3,1153.7,1185.38,1144.62,1168.4
2019-10-30,1177.8,1155.2,1186.91,1146.09,1166.5
2019-10-29,1177.3,1154.7,1186.4,1145.6,1169.6
2019-10-28,1181.8,1159.2,1190.98,1150.02,1174.2
2019-10-25,1184.8,1162.2,1194.03,1152.97,1171
2019-10-24,1184.8,1162.2,1194.03,1152.97,1173.7
2019-10-23,1183.3,1160.7,1192.51,1151.49,1171.4
2019-10-22,1185.3,1162.7,1194.54,1153.46,1175.4
2019-10-21,1182.8,1160.2,1192,1151,1180.5
2019-10-18,1192.4,1169.6,1201.66,1160.34,1186.6
2019-10-17,1192.4,1169.6,1201.66,1160.34,1187
2019-10-16,1201.5,1178.5,1210.82,1169.18,1184.1
2019-10-15,1197.5,1174.5,1206.75,1165.25,1183.7
2019-10-14,1195.9,1173.1,1205.22,1163.78,1189.3
2019-10-11,1197.5,1174.5,1206.75,1165.25,1196.1
2019-10-10,1207,1184,1216.42,1174.58,1194.7
2019-10-08,1206.5,1183.5,1215.91,1174.09,1196.5
2019-10-07,1209.6,1186.4,1218.96,1177.04,1197
2019-10-04,1208.6,1185.4,1217.94,1176.06,1203.7
2019-10-02,1217.6,1194.4,1227.1,1184.9,1198.2
2019-10-01,1213.1,1189.9,1222.52,1180.48,1199.2
2019-09-30,1210.6,1187.4,1219.98,1178.02,1201.3
2019-09-27,1210.6,1187.4,1219.98,1178.02,1199.1
2019-09-26,1212.6,1189.4,1222.01,1179.99,1198.3
2019-09-25,1211.1,1187.9,1220.49,1178.51,1194
2019-09-24,1206,1183,1215.4,1173.6,1193.1
2019-09-23,1209.6,1186.4,1218.96,1177.04,1191.1
2019-09-20,1200.5,1177.5,1209.8,1168.2,1195.1
2019-09-19,1205.5,1182.5,1214.89,1173.11,1190.5
2019-09-18,1204,1181,1213.36,1171.64,1188.3
2019-09-17,1202,1179,1211.33,1169.67,1184
2019-09-16,1194.9,1172.1,1204.21,1162.79,1191.4
2019-09-11,1206,1183,1215.4,1173.6,1191.9
2019-09-10,1203,1180,1212.35,1170.65,1192.4
2019-09-09,1205,1182,1214.38,1172.62,1196.9
2019-09-06,1207,1184,1216.42,1174.58,1199.6
2019-09-05,1212.6,1189.4,1222.01,1179.99,1209.7
2019-09-04,1218.7,1195.3,1228.12,1185.88,1215.2
2019-09-03,1227.7,1204.3,1237.28,1194.72,1211.9
2019-09-02,1224.2,1200.8,1233.71,1191.29,1209.6
2019-08-30,1220.7,1197.3,1230.15,1187.85,1215.2
2019-08-29,1224.2,1200.8,1233.71,1191.29,1213.5
2019-08-28,1226.7,1203.3,1236.26,1193.74,1213.1
2019-08-27,1225.7,1202.3,1235.24,1192.76,1218.2
2019-08-26,1226.7,1203.3,1236.26,1193.74,1212.2
2019-08-23,1222.7,1199.3,1232.19,1189.81,1205.1
2019-08-22,1220.2,1196.8,1229.64,1187.36,1204
2019-08-21,1215.1,1191.9,1224.56,1182.44,1210.2
2019-08-20,1220.7,1197.3,1230.15,1187.85,1210.7
2019-08-19,1222.2,1198.8,1231.68,1189.32,1213.3
2019-08-16,1222.7,1199.3,1232.19,1189.81,1211.7
2019-08-14,1225.7,1202.3,1235.24,1192.76,1218.9
2019-08-13,1235.3,1211.7,1244.91,1202.09,1215.6
2019-08-12,1231.3,1207.7,1240.84,1198.16,1209.7
2019-08-09,1222.7,1199.3,1232.19,1189.81,1211.3
2019-08-08,1221.2,1197.8,1230.66,1188.34,1214.5
2019-08-07,1227.2,1203.8,1236.77,1194.23,1214.3
2019-08-06,1227.7,1204.3,1237.28,1194.72,1211.8
2019-08-05,1226.7,1203.3,1236.26,1193.74,1194.8
2019-08-02,1212.1,1188.9,1221.5,1179.5,1188.5
2019-08-01,1200,1177,1209.29,1167.71,1181.9
2019-07-31,1194.4,1171.6,1203.7,1162.3,1182
2019-07-30,1192.9,1170.1,1202.17,1160.83,1183.4
2019-07-29,1195.9,1173.1,1205.22,1163.78,1184.2
2019-07-26,1195.9,1173.1,1205.22,1163.78,1179.8
2019-07-25,1192.9,1170.1,1202.17,1160.83,1178.2
2019-07-24,1189.4,1166.6,1198.61,1157.39,1178.4
2019-07-23,1190.4,1167.6,1199.63,1158.37,1177.6
2019-07-22,1188.9,1166.1,1198.1,1156.9,1173.4
2019-07-19,1186.9,1164.1,1196.07,1154.93,1179.5
2019-07-18,1189.9,1167.1,1199.12,1157.88,1180.4
2019-07-17,1192.4,1169.6,1201.66,1160.34,1178.5
2019-07-16,1189.9,1167.1,1199.12,1157.88,1179.2
2019-07-15,1191.4,1168.6,1200.65,1159.35,1177.3
2019-07-12,1190.4,1167.6,1199.63,1158.37,1173.8
2019-07-11,1185.3,1162.7,1194.54,1153.46,1181.4
2019-07-10,1192.4,1169.6,1201.66,1160.34,1179.9
2019-07-09,1194.9,1172.1,1204.21,1162.79,1178.5
2019-07-08,1192.4,1169.6,1201.66,1160.34,1170.4
2019-07-05,1182.8,1160.2,1192,1151,1169.2
2019-07-04,1181.3,1158.7,1190.47,1149.53,1170.4
2019-07-03,1181.3,1158.7,1190.47,1149.53,1164.8
2019-07-02,1178.8,1156.2,1187.93,1147.07,1155.4
2019-07-01,1174.2,1151.8,1183.35,1142.65,1156.4
2019-06-28,1166.7,1144.3,1175.72,1135.28,1156.8
2019-06-27,1168.7,1146.3,1177.75,1137.25,1158.2
2019-06-26,1168.7,1146.3,1177.75,1137.25,1154.7
2019-06-25,1167.7,1145.3,1176.73,1136.27,1157.9
2019-06-24,1169.2,1146.8,1178.26,1137.74,1162
2019-06-21,1175.7,1153.3,1184.87,1144.13,1167.7
2019-06-20,1172.7,1150.3,1181.82,1141.18,1177
2019-06-19,1187.9,1165.1,1197.08,1155.92,1185
2019-06-18,1197.5,1174.5,1206.75,1165.25,1186.3
2019-06-17,1198.5,1175.5,1207.77,1166.23,1184
2019-06-14,1196.9,1174.1,1206.24,1164.76,1184.7
2019-06-13,1194.9,1172.1,1204.21,1162.79,1181.7
2019-06-12,1194.4,1171.6,1203.7,1162.3,1181.7
2019-06-11,1192.9,1170.1,1202.17,1160.83,1184
2019-06-10,1198.5,1175.5,1207.77,1166.23,1179.5
2019-06-07,1196.9,1174.1,1206.24,1164.76,1179.8
2019-06-05,1190.4,1167.6,1199.63,1158.37,1181.5
2019-06-04,1194.9,1172.1,1204.21,1162.79,1183
2019-06-03,1193.9,1171.1,1203.19,1161.81,1191.2
2019-05-31,1202.5,1179.5,1211.84,1170.16,1190
2019-05-30,1202.5,1179.5,1211.84,1170.16,1193.1
2019-05-29,1206.5,1183.5,1215.91,1174.09,1187.6
2019-05-28,1201,1178,1210.31,1168.69,1184.1
2019-05-27,1196.9,1174.1,1206.24,1164.76,1189.6
2019-05-24,1200,1177,1209.29,1167.71,1191.2
2019-05-23,1203,1180,1212.35,1170.65,1194.6
2019-05-22,1202.5,1179.5,1211.84,1170.16,1193.3
2019-05-21,1207.6,1184.4,1216.93,1175.07,1192.9
2019-05-20,1206.5,1183.5,1215.91,1174.09,1192.7
2019-05-17,1207.6,1184.4,1216.93,1175.07,1189.8
2019-05-16,1201.5,1178.5,1210.82,1169.18,1189.4
2019-05-15,1201.5,1178.5,1210.82,1169.18,1187
2019-05-14,1200.5,1177.5,1209.8,1168.2,1183.1
2019-05-13,1199,1176,1208.28,1166.72,1178.1
2019-05-10,1189.4,1166.6,1198.61,1157.39,1175.8
2019-05-09,1193.9,1171.1,1203.19,1161.81,1169.9
2019-05-08,1181.8,1159.2,1190.98,1150.02,1169.8
2019-05-07,1179.3,1156.7,1188.44,1147.56,1169.4
2019-05-03,1181.8,1159.2,1190.98,1150.02,1163.9
2019-05-02,1176.3,1153.7,1185.38,1144.62,1163.8
2019-04-30,1177.3,1154.7,1186.4,1145.6,1158.2
2019-04-29,1171.7,1149.3,1180.8,1140.2,1159.7
2019-04-26,1171.7,1149.3,1180.8,1140.2,1158.7
2019-04-25,1174.7,1152.3,1183.86,1143.14,1146.9
2019-04-24,1161.1,1138.9,1170.12,1129.88,1141.1
2019-04-23,1153.5,1131.5,1162.49,1122.51,1140.8
2019-04-22,1152.5,1130.5,1161.47,1121.53,1137.1
2019-04-19,1147.5,1125.5,1156.38,1116.62,1136.2
2019-04-18,1148.5,1126.5,1157.4,1117.6,1136.1
2019-04-17,1144.4,1122.6,1153.33,1113.67,1135.7
2019-04-16,1147,1125,1155.88,1116.12,1133.9
2019-04-15,1143.9,1122.1,1152.82,1113.18,1140.5
2019-04-12,1149,1127,1157.91,1118.09,1139.2
2019-04-11,1151,1129,1159.95,1120.05,1141.2
2019-04-10,1150.5,1128.5,1159.44,1119.56,1142.8
2019-04-09,1151.5,1129.5,1160.45,1120.55,1141.4
2019-04-08,1156.6,1134.4,1165.54,1125.46,1136.4
2019-04-05,1149,1127,1157.91,1118.09,1135.5
2019-04-04,1149,1127,1157.91,1118.09,1134.9
2019-04-03,1146,1124,1154.86,1115.14,1135.8
2019-04-02,1148,1126,1156.89,1117.11,1132.7
2019-04-01,1145.5,1123.5,1154.35,1114.65,1136.1
2019-03-29,1147,1125,1155.88,1116.12,1137.8
2019-03-28,1148.5,1126.5,1157.4,1117.6,1134.7
2019-03-27,1147,1125,1155.88,1116.12,1132.1
2019-03-26,1144.9,1123.1,1153.84,1114.16,1134.9
2019-03-25,1144.9,1123.1,1153.84,1114.16,1129.8
2019-03-22,1144.9,1123.1,1153.84,1114.16,1125.8
2019-03-21,1139.4,1117.6,1148.24,1108.76,1130.4
2019-03-20,1140.9,1119.1,1149.77,1110.23,1130.9
2019-03-19,1141.9,1120.1,1150.79,1111.21,1133.7
2019-03-18,1143.9,1122.1,1152.82,1113.18,1136.1
2019-03-15,1147.5,1125.5,1156.38,1116.62,1132.7
2019-03-14,1144.9,1123.1,1153.84,1114.16,1131.5
2019-03-13,1143.9,1122.1,1152.82,1113.18,1128.7
2019-03-12,1140.9,1119.1,1149.77,1110.23,1134.5
2019-03-11,1144.9,1123.1,1153.84,1114.16,1134
2019-03-08,1148,1126,1156.89,1117.11,1128.3
2019-03-07,1139.4,1117.6,1148.24,1108.76,1127.8
2019-03-06,1139.9,1118.1,1148.75,1109.25,1125.8
2019-03-05,1137.4,1115.6,1146.21,1106.79,1125
2019-03-04,1137.4,1115.6,1146.21,1106.79,1119.9
2019-02-28,1134.9,1113.1,1143.67,1104.33,1117.8
2019-02-27,1129.8,1108.2,1138.58,1099.42,1118.3
2019-02-26,1128.8,1107.2,1137.56,1098.44,1120.8
2019-02-25,1130.8,1109.2,1139.6,1100.4,1125.7
2019-02-22,1135.4,1113.6,1144.17,1104.83,1124.4
2019-02-21,1136.4,1114.6,1145.19,1105.81,1122.6
2019-02-20,1134.3,1112.7,1143.16,1103.84,1127.5
2019-02-19,1138.9,1117.1,1147.74,1108.26,1124.7
2019-02-18,1136.9,1115.1,1145.7,1106.3,1127.7
2019-02-15,1140.4,1118.6,1149.26,1109.74,1125
2019-02-14,1138.4,1116.6,1147.23,1107.77,1121.7
2019-02-13,1133.1,1111.5,1141.94,1102.66,1124.6
2019-02-12,1135.9,1114.1,1144.68,1105.32,1124.5
2019-02-11,1136.4,1114.6,1145.19,1105.81,1124.5
2019-02-08,1133.8,1112.2,1142.65,1103.35,1123.4
2019-02-07,1136.9,1115.1,1145.7,1106.3,1116.8
2019-02-01,1129.3,1107.7,1138.07,1098.93,1111.6
2019-01-31,1124.3,1102.7,1132.98,1094.02,1117.2
2019-01-30,1128.3,1106.7,1137.05,1097.95,1118.1
2019-01-29,1129.3,1107.7,1138.07,1098.93,1116.9
2019-01-28,1129.8,1108.2,1138.58,1099.42,1125.1
2019-01-25,1132.8,1111.2,1141.63,1102.37,1128
2019-01-24,1140.4,1118.6,1149.26,1109.74,1128.2
2019-01-23,1138.9,1117.1,1147.74,1108.26,1130.2
2019-01-22,1142.9,1121.1,1151.81,1112.19,1126.5
2019-01-21,1141.4,1119.6,1150.28,1110.72,1121.3
2019-01-18,1132.8,1111.2,1141.63,1102.37,1121.4
2019-01-17,1133.8,1112.2,1142.65,1103.35,1122
2019-01-16,1131.8,1110.2,1140.61,1101.39,1120.1
2019-01-15,1131.8,1110.2,1140.61,1101.39,1121.4
2019-01-14,1133.8,1112.2,1142.65,1103.35,1117.6
2019-01-11,1126.8,1105.2,1135.53,1096.47,1118.9
2019-01-10,1130.3,1108.7,1139.09,1099.91,1121.6
2019-01-09,1132.3,1110.7,1141.12,1101.88,1121.7
2019-01-08,1136.4,1114.6,1145.19,1105.81,1118
2019-01-07,1130.3,1108.7,1139.09,1099.91,1125.2
2019-01-04,1134.9,1113.1,1143.67,1104.33,1127.5
2019-01-03,1138.4,1116.6,1147.23,1107.77,1119
2019-01-02,1131.3,1109.7,1140.1,1100.9,1118.1
2018-12-31,1124.8,1103.2,1133.49,1094.51,1118.1
2018-12-28,1127.3,1105.7,1136.03,1096.97,1121.3
2018-12-27,1130.8,1109.2,1139.6,1100.4,1125.6
2018-12-26,1136.9,1115.1,1145.7,1106.3,1125.2
2018-12-24,1136.4,1114.6,1145.19,1105.81,1123.9
2018-12-21,1134.3,1112.7,1143.16,1103.84,1128.9
2018-12-20,1136.9,1115.1,1145.7,1106.3,1125.1
2018-12-19,1137.4,1115.6,1146.21,1106.79,1129.9
2018-12-18,1139.9,1118.1,1148.75,1109.25,1131.6
2018-12-17,1142.4,1120.6,1151.3,1111.7,1129.2
2018-12-14,1144.9,1123.1,1153.84,1114.16,1124
2018-12-13,1135.9,1114.1,1144.68,1105.32,1127.6
2018-12-12,1140.4,1118.6,1149.26,1109.74,1129.4
2018-12-11,1141.9,1120.1,1150.79,1111.21,1124.7
2018-12-10,1138.9,1117.1,1147.74,1108.26,1118.2
2018-12-07,1131.3,1109.7,1140.1,1100.9,1117.8
2018-12-06,1130.3,1108.7,1139.09,1099.91,1113.6
2018-12-05,1124.3,1102.7,1132.98,1094.02,1109.8
2018-12-04,1117.7,1096.3,1126.37,1087.63,1113.7
2018-12-03,1121.2,1099.8,1129.93,1091.07,1120.3
2018-11-30,1132.8,1111.2,1141.63,1102.37,1121.8
2018-11-29,1131.8,1110.2,1140.61,1101.39,1128.9
2018-11-28,1138.9,1117.1,1147.74,1108.26,1129.7
2018-11-27,1140.4,1118.6,1149.26,1109.74,1129.9
2018-11-26,1139.4,1117.6,1148.24,1108.76,1130.5
2018-11-23,1143.4,1121.6,1152.31,1112.69,1129
2018-11-22,1140.9,1119.1,1149.77,1110.23,1131.3
2018-11-21,1141.4,1119.6,1150.28,1110.72,1127.5
2018-11-20,1137.9,1116.1,1146.72,1107.28,1127.4
2018-11-19,1137.4,1115.6,1146.21,1106.79,1128.7
2018-11-16,1140.9,1119.1,1149.77,1110.23,1130.3
2018-11-15,1140.4,1118.6,1149.26,1109.74,1132.4
2018-11-14,1147,1125,1155.88,1116.12,1135.7
2018-11-13,1144.9,1123.1,1153.84,1114.16,1132
2018-11-12,1148.5,1126.5,1157.4,1117.6,1125.7
2018-11-09,1139.9,1118.1,1148.75,1109.25,1118.4
2018-11-08,1126.8,1105.2,1135.53,1096.47,1120.9
2018-11-07,1132.3,1110.7,1141.12,1101.88,1122.5
2018-11-06,1134.9,1113.1,1143.67,1104.33,1122.7
2018-11-05,1134.3,1112.7,1143.16,1103.84,1125.5
2018-11-02,1129.3,1107.7,1138.07,1098.93,1138.8
2018-11-01,1143.9,1122.1,1152.82,1113.18,1139.2
2018-10-31,1150,1128,1158.93,1119.07,1140.6
2018-10-30,1149.5,1127.5,1158.42,1118.58,1138.6
2018-10-29,1153.5,1131.5,1162.49,1122.51,1140.6
2018-10-26,1152,1130,1160.96,1121.04,1138.5
2018-10-25,1149,1127,1157.91,1118.09,1132.2
2018-10-24,1143.9,1122.1,1152.82,1113.18,1135.8
2018-10-23,1147.5,1125.5,1156.38,1116.62,1130.9
2018-10-22,1141.9,1120.1,1150.79,1111.21,1134.3
2018-10-19,1143.9,1122.1,1152.82,1113.18,1132.6
2018-10-18,1145.5,1123.5,1154.35,1114.65,1125
2018-10-17,1137.4,1115.6,1146.21,1106.79,1128.1
2018-10-16,1136.9,1115.1,1145.7,1106.3,1133.4
2018-10-15,1144.4,1122.6,1153.33,1113.67,1133.3
2018-10-12,1143.9,1122.1,1152.82,1113.18,1142.5
2018-10-11,1153.5,1131.5,1162.49,1122.51,1132.5
2018-10-10,1148.5,1126.5,1157.4,1117.6,1131.7
2018-10-08,1148,1126,1156.89,1117.11,1130.7
2018-10-05,1140.9,1119.1,1149.77,1110.23,1128.3
2018-10-04,1140.9,1119.1,1149.77,1110.23,1116.4
2018-10-02,1132.3,1110.7,1141.12,1101.88,1110.9
2018-10-01,1121.7,1100.3,1130.44,1091.56,1110.2
2018-09-28,1121.2,1099.8,1129.93,1091.07,1112.7
2018-09-27,1122.7,1101.3,1131.46,1092.54,1116.6
2018-09-21,1127.3,1105.7,1136.03,1096.97,1119.9
2018-09-20,1132.8,1111.2,1141.63,1102.37,1123
2018-09-19,1132.8,1111.2,1141.63,1102.37,1126.3
2018-09-18,1135.4,1113.6,1144.17,1104.83,1126.2
2018-09-17,1137.9,1116.1,1146.72,1107.28,1119.2
2018-09-14,1128.8,1107.2,1137.56,1098.44,1121.2
2018-09-13,1133.8,1112.2,1142.65,1103.35,1127.3
2018-09-12,1139.4,1117.6,1148.24,1108.76,1126.8
2018-09-11,1138.4,1116.6,1147.23,1107.77,1128.1
2018-09-10,1139.4,1117.6,1148.24,1108.76,1123.1
2018-09-07,1133.8,1112.2,1142.65,1103.35,1121.2
2018-09-06,1131.8,1110.2,1140.61,1101.39,1117.6
2018-09-05,1134.3,1112.7,1143.16,1103.84,1114.2
2018-09-04,1126.8,1105.2,1135.53,1096.47,1113.5
2018-09-03,1122.2,1100.8,1130.95,1092.05,1113.3
2018-08-31,1126.8,1105.2,1135.53,1096.47,1108.8
2018-08-30,1120.7,1099.3,1129.42,1090.58,1108.8
2018-08-29,1122.2,1100.8,1130.95,1092.05,1110
2018-08-28,1118.7,1097.3,1127.39,1088.61,1114.3
2018-08-27,1124.8,1103.2,1133.49,1094.51,1121.8
2018-08-24,1129.3,1107.7,1138.07,1098.93,1120.8
2018-08-23,1132.8,1111.2,1141.63,1102.37,1118.7
2018-08-22,1130.3,1108.7,1139.09,1099.91,1118.2
2018-08-21,1128.8,1107.2,1137.56,1098.44,1121.7
2018-08-20,1133.9,1112.3,1142.75,1103.45,1125.6
2018-08-17,1135.4,1113.6,1144.17,1104.83,1130.7
2018-08-16,1141.4,1119.6,1150.28,1110.72,1132.1
2018-08-14,1140.4,1118.6,1149.26,1109.74,1133.7
2018-08-13,1144.9,1123.1,1153.84,1114.16,1126.3
2018-08-10,1139.9,1118.1,1148.75,1109.25,1117.9
2018-08-09,1129.3,1107.7,1138.07,1098.93,1118.8
2018-08-08,1130.8,1109.2,1139.6,1100.4,1125.7
2018-08-07,1133.3,1111.7,1142.14,1102.86,1123.5
2018-08-06,1135.9,1114.1,1144.68,1105.32,1128.1
2018-08-03,1138.9,1117.1,1147.74,1108.26,1122.6
2018-08-02,1139.9,1118.1,1148.75,1109.25,1119.3
2018-08-01,1130.3,1108.7,1139.09,1099.91,1117.9
2018-07-31,1130.3,1108.7,1139.09,1099.91,1116.7
2018-07-30,1130.8,1109.2,1139.6,1100.4,1120
2018-07-27,1129.3,1107.7,1138.07,1098.93,1119.6
2018-07-26,1130.8,1109.2,1139.6,1100.4,1127.5
2018-07-25,1136.4,1114.6,1145.19,1105.81,1135.2
2018-07-24,1145.5,1123.5,1154.35,1114.65,1128.5
2018-07-23,1144.9,1123.1,1153.84,1114.16,1134.8
2018-07-20,1146,1124,1154.86,1115.14,1131.2
2018-07-19,1149,1127,1157.91,1118.09,1128.9
2018-07-18,1143.4,1121.6,1152.31,1112.69,1125.2
2018-07-17,1136.4,1114.6,1145.19,1105.81,1128.7
2018-07-16,1138.9,1117.1,1147.74,1108.26,1123.4
2018-07-13,1142.9,1121.1,1151.81,1112.19,1127.8
2018-07-12,1137.9,1116.1,1146.72,1107.28,1120.8
2018-07-11,1134.9,1113.1,1143.67,1104.33,1113.8
2018-07-10,1127.3,1105.7,1136.03,1096.97,1112.3
2018-07-09,1123.2,1101.8,1131.96,1093.04,1117.8
2018-07-06,1126.8,1105.2,1135.53,1096.47,1118.4
2018-07-05,1130.3,1108.7,1139.09,1099.91,1115.3
2018-07-04,1127.3,1105.7,1136.03,1096.97,1121.1
2018-07-03,1125.8,1104.2,1134.51,1095.49,1117.4
2018-07-02,1129.8,1108.2,1138.58,1099.42,1117.2
2018-06-29,1123.7,1102.3,1132.47,1093.53,1121.7
2018-06-28,1135.9,1114.1,1144.68,1105.32,1117.9
2018-06-27,1130.3,1108.7,1139.09,1099.91,1115.2
2018-06-26,1126.8,1105.2,1135.53,1096.47,1116.1
2018-06-25,1127.8,1106.2,1136.54,1097.46,1108.9
2018-06-22,1118.2,1096.8,1126.88,1088.12,1109
2018-06-21,1123.2,1101.8,1131.96,1093.04,1108
2018-06-20,1117.2,1095.8,1125.86,1087.14,1105.5
2018-06-19,1125.3,1103.7,1134,1095,1104.4
2018-06-18,1115.2,1093.8,1123.82,1085.18,1091.4
2018-06-15,1107.1,1085.9,1115.68,1077.32,1082.5
2018-06-14,1093,1072,1101.44,1063.56,1075.1
2018-06-12,1086.9,1066.1,1095.33,1057.67,1073.5
2018-06-11,1086.4,1065.6,1094.83,1057.17,1073.2
2018-06-08,1087.4,1066.6,1095.84,1058.16,1067.9
2018-06-07,1079.3,1058.7,1087.7,1050.3,1069.6
2018-06-05,1080.8,1060.2,1089.23,1051.77,1070.9
2018-06-04,1080.8,1060.2,1089.23,1051.77,1076
2018-06-01,1084.9,1064.1,1093.3,1055.7,1076.4
2018-05-31,1087.9,1067.1,1096.35,1058.65,1081.3
2018-05-30,1090.4,1069.6,1098.9,1061.1,1076.1
2018-05-29,1089.9,1069.1,1098.39,1060.61,1073.2
2018-05-28,1084.4,1063.6,1092.79,1055.21,1078.7
2018-05-25,1087.4,1066.6,1095.84,1058.16,1079.7
2018-05-24,1088.9,1068.1,1097.37,1059.63,1078.8
2018-05-23,1092.4,1071.6,1100.93,1063.07,1083.8
2018-05-21,1095,1074,1103.47,1065.53,1080
2018-05-18,1090.4,1069.6,1098.9,1061.1,1079.3
2018-05-17,1091.9,1071.1,1100.42,1062.58,1078.7
2018-05-16,1091.4,1070.6,1099.91,1062.09,1072.6
2018-05-15,1084.9,1064.1,1093.3,1055.7,1066.6
2018-05-14,1078.8,1058.2,1087.19,1049.81,1068.6
2018-05-11,1079.3,1058.7,1087.7,1050.3,1075.3
2018-05-10,1082.3,1061.7,1090.76,1053.24,1081.3
2018-05-09,1091.4,1070.6,1099.91,1062.09,1078.2
2018-05-08,1089.9,1069.1,1098.39,1060.61,1076.7
2018-05-04,1087.4,1066.6,1095.84,1058.16,1076.5
2018-05-03,1085.9,1065.1,1094.32,1056.68,1074.9
2018-05-02,1086.9,1066.1,1095.33,1057.67,1067.5
2018-04-30,1079.8,1059.2,1088.21,1050.79,1076.2
2018-04-27,1086.4,1065.6,1094.83,1057.17,1079.7
2018-04-26,1090.4,1069.6,1098.9,1061.1,1078.7
2018-04-25,1091.4,1070.6,1099.91,1062.09,1076.9
2018-04-24,1087.4,1066.6,1095.84,1058.16,1068.9
2018-04-23,1085.4,1064.6,1093.81,1056.19,1067.3
2018-04-20,1080.3,1059.7,1088.72,1051.28,1063.5
2018-04-19,1072.3,1051.7,1080.58,1043.42,1066.5
2018-04-18,1077.3,1056.7,1085.67,1048.33,1068.4
2018-04-17,1078.3,1057.7,1086.69,1049.31,1073.1
2018-04-16,1084.4,1063.6,1092.79,1055.21,1070
2018-04-13,1080.3,1059.7,1088.72,1051.28,1068.7
2018-04-12,1081.8,1061.2,1090.25,1052.75,1066.4
2018-04-11,1078.3,1057.7,1086.69,1049.31,1067.7
2018-04-10,1077.8,1057.2,1086.18,1048.82,1067.5
2018-04-09,1080.3,1059.7,1088.72,1051.28,1066
2018-04-06,1079.8,1059.2,1088.21,1050.79,1059.5
2018-04-05,1071.2,1050.8,1079.56,1042.44,1057.6
2018-04-04,1072.8,1052.2,1081.09,1043.91,1057.8
2018-04-03,1066.7,1046.3,1074.98,1038.02,1058.1
2018-04-02,1064.7,1044.3,1072.95,1036.05,1064.4
2018-03-30,1072.8,1052.2,1081.09,1043.91,1066.5
2018-03-29,1076.3,1055.7,1084.65,1047.35,1069.4
2018-03-28,1081.3,1060.7,1089.74,1052.26,1072.2
2018-03-27,1082.9,1062.1,1091.26,1053.74,1081.2
2018-03-26,1088.9,1068.1,1097.37,1059.63,1080.8
2018-03-23,1090.4,1069.6,1098.9,1061.1,1069.2
2018-03-22,1083.9,1063.1,1092.28,1054.72,1071.4
2018-03-21,1082.3,1061.7,1090.76,1053.24,1071
2018-03-20,1080.8,1060.2,1089.23,1051.77,1071.2
2018-03-19,1082.9,1062.1,1091.26,1053.74,1069.6
2018-03-16,1077.3,1056.7,1085.67,1048.33,1065.8
2018-03-15,1075.3,1054.7,1083.63,1046.37,1065.8
2018-03-14,1074.8,1054.2,1083.12,1045.88,1065.8
2018-03-13,1076.8,1056.2,1085.16,1047.84,1064.3
2018-03-12,1076.3,1055.7,1084.65,1047.35,1069.2
2018-03-09,1081.3,1060.7,1089.74,1052.26,1068.4
2018-03-08,1082.3,1061.7,1090.76,1053.24,1068.7
2018-03-07,1078.8,1058.2,1087.19,1049.81,1075.4
2018-03-06,1088.4,1067.6,1096.86,1059.14,1080.5
2018-03-05,1092.4,1071.6,1100.93,1063.07,1081.3
2018-03-02,1089.9,1069.1,1098.39,1060.61,1081.9
2018-02-28,1092.4,1071.6,1100.93,1063.07,1071
2018-02-27,1082.3,1061.7,1090.76,1053.24,1073.7
2018-02-26,1083.4,1062.6,1091.77,1054.23,1078.5
2018-02-23,1089.4,1068.6,1097.88,1060.12,1082.9
2018-02-22,1095.5,1074.5,1103.98,1066.02,1075.3
2018-02-21,1085.9,1065.1,1094.32,1056.68,1070.3
2018-02-20,1084.4,1063.6,1092.79,1055.21,1068
2018-02-19,1078.8,1058.2,1087.19,1049.81,1079.9
2018-02-14,1089.4,1068.6,1097.88,1060.12,1082.8
2018-02-13,1096,1075,1104.49,1066.51,1083.4
2018-02-12,1095.5,1074.5,1103.98,1066.02,1092.7
2018-02-09,1099.5,1078.5,1108.05,1069.95,1087.8
2018-02-08,1101.5,1080.5,1110.09,1071.91,1083.3
2018-02-07,1095.5,1074.5,1103.98,1066.02,1094.3
2018-02-06,1098.5,1077.5,1107.04,1068.96,1089.8
2018-02-05,1099.5,1078.5,1108.05,1069.95,1076.7
2018-02-02,1095.5,1074.5,1103.98,1066.02,1071.1
2018-02-01,1081.8,1061.2,1090.25,1052.75,1071
2018-01-31,1077.3,1056.7,1085.67,1048.33,1071.5
2018-01-30,1082.3,1061.7,1090.76,1053.24,1064.8
2018-01-29,1079.8,1059.2,1088.21,1050.79,1064.8
2018-01-26,1075.3,1054.7,1083.63,1046.37,1061.7
2018-01-25,1073.3,1052.7,1081.6,1044.4,1070.6
2018-01-24,1078.3,1057.7,1086.69,1049.31,1069.7
2018-01-23,1084.9,1064.1,1093.3,1055.7,1068.9
2018-01-22,1081.3,1060.7,1089.74,1052.26,1067.3
2018-01-19,1076.8,1056.2,1085.16,1047.84,1069.4
2018-01-18,1081.3,1060.7,1089.74,1052.26,1065.8
2018-01-17,1080.3,1059.7,1088.72,1051.28,1064
2018-01-16,1075.3,1054.7,1083.63,1046.37,1061.3
2018-01-15,1074.3,1053.7,1082.62,1045.38,1064.7
2018-01-12,1075.3,1054.7,1083.63,1046.37,1071.2
2018-01-11,1081.8,1061.2,1090.25,1052.75,1070.7
2018-01-10,1080.3,1059.7,1088.72,1051.28,1067.1
2018-01-09,1080.3,1059.7,1088.72,1051.28,1065.2
2018-01-08,1078.8,1058.2,1087.19,1049.81,1062.1
2018-01-05,1073.8,1053.2,1082.11,1044.89,1065.5
2018-01-04,1074.8,1054.2,1083.12,1045.88,1065.4
2018-01-03,1075.8,1055.2,1084.14,1046.86,1064.3
2018-01-02,1072.3,1051.7,1080.58,1043.42,1071.4
2017-12-29,1077.8,1057.2,1086.18,1048.82,1071.4
2017-12-28,1080.3,1059.7,1088.72,1051.28,1075.2
2017-12-27,1085.4,1064.6,1093.81,1056.19,1077.1
2017-12-26,1086.4,1065.6,1094.83,1057.17,1079.2
2017-12-22,1090.4,1069.6,1098.9,1061.1,1080.6
2017-12-21,1093,1072,1101.44,1063.56,1082.9
2017-12-20,1093.5,1072.5,1101.95,1064.05,1086.8
2017-12-19,1094.5,1073.5,1102.97,1065.03,1089.1
2017-12-18,1098.5,1077.5,1107.04,1068.96,1089.3
2017-12-15,1100.5,1079.5,1109.07,1070.93,1086.7
2017-12-14,1100,1079,1108.56,1070.44,1091.9
2017-12-13,1103,1082,1111.61,1073.39,1090.1
2017-12-12,1102.5,1081.5,1111.11,1072.89,1092.4
2017-12-11,1102.5,1081.5,1111.11,1072.89,1093.4
2017-12-08,1104.6,1083.4,1113.14,1074.86,1092.7
2017-12-07,1104.6,1083.4,1113.14,1074.86,1091.9
2017-12-06,1105.1,1083.9,1113.65,1075.35,1084.3
2017-12-05,1098.5,1077.5,1107.04,1068.96,1088.3
2017-12-04,1099,1078,1107.54,1069.46,1087.1
2017-12-01,1095.5,1074.5,1103.98,1066.02,1085.1
2017-11-30,1099,1078,1107.54,1069.46,1082.4
2017-11-29,1086.9,1066.1,1095.33,1057.67,1088.3
2017-11-28,1092.4,1071.6,1100.93,1063.07,1087.6
2017-11-27,1099,1078,1107.54,1069.46,1085
2017-11-24,1097.5,1076.5,1106.02,1067.98,1088.2
2017-11-23,1097,1076,1105.51,1067.49,1091.3
2017-11-22,1100,1079,1108.56,1070.44,1097.3
2017-11-21,1103.6,1082.4,1112.12,1073.88,1098.9
2017-11-20,1110.1,1088.9,1118.74,1080.26,1096.1
2017-11-17,1110.1,1088.9,1118.74,1080.26,1104.1
2017-11-16,1109.6,1088.4,1118.23,1079.77,1114.4
2017-11-15,1122.2,1100.8,1130.95,1092.05,1118.5
2017-11-14,1128.8,1107.2,1137.56,1098.44,1120.7
2017-11-13,1131.8,1110.2,1140.61,1101.39,1117.2
2017-11-10,1129.8,1108.2,1138.58,1099.42,1114.3
2017-11-09,1127.8,1106.2,1136.54,1097.46,1114.3
2017-11-08,1126.1,1104.5,1134.81,1095.79,1111.6
2017-11-07,1124.3,1102.7,1132.98,1094.02,1116.7
2017-11-06,1124.8,1103.2,1133.49,1094.51,1112.7
2017-11-03,1126.3,1104.7,1135.02,1095.98,1113.3
2017-11-02,1125.3,1103.7,1134,1095,1116.8
2017-11-01,1125.8,1104.2,1134.51,1095.49,1121.2
2017-10-31,1129.8,1108.2,1138.58,1099.42,1125
2017-10-30,1135.9,1114.1,1144.68,1105.32,1130
2017-10-27,1140.9,1119.1,1149.77,1110.23,1124.7
2017-10-26,1137.4,1115.6,1146.21,1106.79,1128.3
2017-10-25,1139.4,1117.6,1148.24,1108.76,1128.3
2017-10-24,1139.9,1118.1,1148.75,1109.25,1131.9
2017-10-23,1141.9,1120.1,1150.79,1111.21,1131.9
2017-10-20,1143.9,1122.1,1152.82,1113.18,1132.3
2017-10-19,1143.4,1121.6,1152.31,1112.69,1130.4
2017-10-18,1142.9,1121.1,1151.81,1112.19,1131.4
2017-10-17,1142.9,1121.1,1151.81,1112.19,1127.3
2017-10-16,1138.9,1117.1,1147.74,1108.26,1130.8
2017-10-13,1139.9,1118.1,1148.75,1109.25,1133.7
2017-10-12,1144.4,1122.6,1153.33,1113.67,1135.2
2017-10-11,1146.5,1124.5,1155.37,1115.63,1138.2
2017-10-10,1147,1125,1155.88,1116.12,1145.7
2017-09-29,1157.6,1135.4,1166.56,1126.44,1146.7
2017-09-28,1159.1,1136.9,1168.09,1127.91,1139.4
2017-09-27,1154.5,1132.5,1163.51,1123.49,1136.3
2017-09-26,1148.3,1126.3,1157.2,1117.4,1130.7
2017-09-25,1142.9,1121.1,1151.81,1112.19,1136.3
2017-09-22,1146,1124,1154.86,1115.14,1132.8
2017-09-21,1144.9,1123.1,1153.84,1114.16,1129.1
2017-09-20,1139.4,1117.6,1148.24,1108.76,1130
2017-09-19,1142.4,1120.6,1151.3,1111.7,1127.9
2017-09-18,1138.9,1117.1,1147.74,1108.26,1133.5
2017-09-15,1141.9,1120.1,1150.79,1111.21,1132.5
2017-09-14,1143.9,1122.1,1152.82,1113.18,1127.5
2017-09-13,1139.9,1118.1,1148.75,1109.25,1129.8
2017-09-12,1139.9,1118.1,1148.75,1109.25,1129.5
2017-09-11,1142.9,1121.1,1151.81,1112.19,1126.8
2017-09-08,1140.9,1119.1,1149.77,1110.23,1129.6
2017-09-07,1140.9,1119.1,1149.77,1110.23,1133.7
2017-09-06,1146,1124,1154.86,1115.14,1131.3
2017-09-05,1141.9,1120.1,1150.79,1111.21,1131.5
2017-09-04,1141.9,1120.1,1150.79,1111.21,1122.7
2017-09-01,1132.8,1111.2,1141.63,1102.37,1125.8
2017-08-31,1137.9,1116.1,1146.72,1107.28,1122.8
2017-08-30,1134.3,1112.7,1143.16,1103.84,1126.2
2017-08-29,1136.9,1115.1,1145.7,1106.3,1120.4
2017-08-28,1132.3,1110.7,1141.12,1101.88,1129.2
2017-08-25,1137.9,1116.1,1146.72,1107.28,1127.3
2017-08-24,1139.4,1117.6,1148.24,1108.76,1130.9
2017-08-23,1142.9,1121.1,1151.81,1112.19,1135.6
2017-08-22,1146,1124,1154.86,1115.14,1138.3
2017-08-21,1150.5,1128.5,1159.44,1119.56,1142
2017-08-18,1152,1130,1160.96,1121.04,1135.9
2017-08-17,1149,1127,1157.91,1118.09,1139.6
2017-08-16,1153,1131,1161.98,1122.02,1138.2
2017-08-14,1152,1130,1160.96,1121.04,1146.3
2017-08-11,1155,1133,1164.02,1123.98,1141.1
2017-08-10,1153,1131,1161.98,1122.02,1134.7
2017-08-09,1150,1128,1158.93,1119.07,1125.4
2017-08-08,1137.9,1116.1,1146.72,1107.28,1127.3
2017-08-07,1138.9,1117.1,1147.74,1108.26,1125.4
2017-08-04,1136.4,1114.6,1145.19,1105.81,1127.6
2017-08-03,1138.4,1116.6,1147.23,1107.77,1123.2
2017-08-02,1134.3,1112.7,1143.16,1103.84,1118
2017-08-01,1132.8,1111.2,1141.63,1102.37,1121.9
2017-07-31,1130.8,1109.2,1139.6,1100.4,1119.1
2017-07-28,1132.3,1110.7,1141.12,1101.88,1112.5
2017-07-27,1125.8,1104.2,1134.51,1095.49,1120.3
2017-07-26,1131.3,1109.7,1140.1,1100.9,1116.1
2017-07-25,1127.3,1105.7,1136.03,1096.97,1116.1
2017-07-24,1125,1103.4,1133.69,1094.71,1121.2
2017-07-21,1129.8,1108.2,1138.58,1099.42,1124.9
2017-07-20,1137.4,1115.6,1146.21,1106.79,1121.8
2017-07-19,1134.3,1112.7,1143.16,1103.84,1126.3
2017-07-18,1134.3,1112.7,1143.16,1103.84,1128.2
2017-07-17,1139.4,1117.6,1148.24,1108.76,1136
2017-07-14,1146.5,1124.5,1155.37,1115.63,1137.5
2017-07-13,1148,1126,1156.89,1117.11,1145.6
2017-07-12,1157.1,1134.9,1166.05,1125.95,1150.1
2017-07-11,1162.6,1140.4,1171.65,1131.35,1149.9
2017-07-10,1162.9,1140.7,1171.95,1131.65,1155.8
2017-07-07,1165.1,1142.9,1174.19,1133.81,1153.5
2017-07-06,1168.7,1146.3,1177.75,1137.25,1149.3
2017-07-05,1164.6,1142.4,1173.68,1133.32,1149.3
2017-07-04,1160.1,1137.9,1169.1,1128.9,1145
2017-07-03,1160.1,1137.9,1169.1,1128.9,1144
2017-06-30,1154,1132,1163,1123,1139.6
2017-06-29,1151,1129,1159.95,1120.05,1141.7
2017-06-28,1155.6,1133.4,1164.52,1124.48,1136.4
2017-06-27,1147.5,1125.5,1156.38,1116.62,1135.2
2017-06-26,1148,1126,1156.89,1117.11,1140.1
2017-06-23,1149,1127,1157.91,1118.09,1140.8
2017-06-22,1154,1132,1163,1123,1142.2
2017-06-21,1155,1133,1164.02,1123.98,1137
2017-06-20,1148.5,1126.5,1157.4,1117.6,1131.4
2017-06-19,1144.4,1122.6,1153.33,1113.67,1133
2017-06-16,1144.4,1122.6,1153.33,1113.67,1122.8
2017-06-15,1136.9,1115.1,1145.7,1106.3,1125.6
2017-06-14,1135.4,1113.6,1144.17,1104.83,1128.9
2017-06-13,1140.4,1118.6,1149.26,1109.74,1126
2017-06-12,1141.4,1119.6,1150.28,1110.72,1121.6
2017-06-09,1134.9,1113.1,1143.67,1104.33,1125
2017-06-08,1133.3,1111.7,1142.14,1102.86,1122
2017-06-07,1133.8,1112.2,1142.65,1103.35,1118.4
2017-06-05,1128.8,1107.2,1137.56,1098.44,1120.9
2017-06-02,1133.8,1112.2,1142.65,1103.35,1120.4
2017-06-01,1132.3,1110.7,1141.12,1101.88,1121.8
2017-05-31,1129.3,1107.7,1138.07,1098.93,1123.9
2017-05-30,1135.9,1114.1,1144.68,1105.32,1120.1
2017-05-29,1132.5,1110.9,1141.32,1102.08,1119.5
2017-05-26,1129.8,1108.2,1138.58,1099.42,1118
2017-05-25,1129.3,1107.7,1138.07,1098.93,1126.6
2017-05-24,1135.4,1113.6,1144.17,1104.83,1120.6
2017-05-23,1134.9,1113.1,1143.67,1104.33,1117.1
2017-05-22,1129.8,1108.2,1138.58,1099.42,1127.5
2017-05-19,1133.8,1112.2,1142.65,1103.35,1125.2
2017-05-18,1135.9,1114.1,1144.68,1105.32,1118.4
2017-05-17,1131.3,1109.7,1140.1,1100.9,1117.7
2017-05-16,1128.8,1107.2,1137.56,1098.44,1125.4
2017-05-15,1134,1112.4,1142.85,1103.55,1126.8
2017-05-12,1138.4,1116.6,1147.23,1107.77,1130.4
2017-05-11,1139.9,1118.1,1148.75,1109.25,1134.5
2017-05-10,1147,1125,1155.88,1116.12,1132.4
2017-05-08,1143.7,1121.9,1152.62,1112.98,1132.1
2017-05-04,1144.9,1123.1,1153.84,1114.16,1130.7
2017-05-02,1141.4,1119.6,1150.28,1110.72,1133.4
2017-04-28,1149,1127,1157.91,1118.09,1130.1
2017-04-27,1144.9,1123.1,1153.84,1114.16,1125.1
2017-04-26,1139.9,1118.1,1148.75,1109.25,1130.5
2017-04-25,1137.9,1116.1,1146.72,1107.28,1131.7
2017-04-24,1140.9,1119.1,1149.77,1110.23,1136.6
2017-04-21,1147,1125,1155.88,1116.12,1141.4
2017-04-20,1149.5,1127.5,1158.42,1118.58,1139.8
2017-04-19,1151.5,1129.5,1160.45,1120.55,1137.9
2017-04-18,1154.5,1132.5,1163.51,1123.49,1136.5
2017-04-17,1148.5,1126.5,1157.4,1117.6,1138.8
2017-04-14,1152,1130,1160.96,1121.04,1131.9
2017-04-13,1142.4,1120.6,1151.3,1111.7,1145.2
2017-04-12,1151,1129,1159.95,1120.05,1145.8
2017-04-11,1157.1,1134.9,1166.05,1125.95,1141.6
2017-04-10,1153,1131,1161.98,1122.02,1134.6
2017-04-07,1144.9,1123.1,1153.84,1114.16,1131
2017-04-06,1142.4,1120.6,1151.3,1111.7,1124
2017-04-05,1135.9,1114.1,1144.68,1105.32,1118.9
2017-04-04,1134.3,1112.7,1143.16,1103.84,1113.8
2017-04-03,1128.8,1107.2,1137.56,1098.44,1119.3
2017-03-31,1128.8,1107.2,1137.56,1098.44,1116.1
2017-03-30,1127.8,1106.2,1136.54,1097.46,1114
2017-03-29,1125.3,1103.7,1134,1095,1112.5
2017-03-28,1123.7,1102.3,1132.47,1093.53,1114.2
2017-03-27,1123.2,1101.8,1131.96,1093.04,1122.7
2017-03-24,1133.3,1111.7,1142.14,1102.86,1120
2017-03-23,1133.3,1111.7,1142.14,1102.86,1123.8
2017-03-22,1134.9,1113.1,1143.67,1104.33,1117.5
2017-03-21,1130.3,1108.7,1139.09,1099.91,1124.5
2017-03-20,1130.8,1109.2,1139.6,1100.4,1131.4
2017-03-17,1143.9,1122.1,1152.82,1113.18,1131.7
2017-03-16,1141.9,1120.1,1150.79,1111.21,1146.3
2017-03-15,1155,1133,1164.02,1123.98,1147.3
2017-03-14,1161.1,1138.9,1170.12,1129.88,1147.7
2017-03-13,1158.6,1136.4,1167.58,1127.42,1158.2
2017-03-10,1168.7,1146.3,1177.75,1137.25,1156.1
2017-03-09,1171.2,1148.8,1180.3,1139.7,1146.6
2017-03-08,1160.6,1138.4,1169.61,1129.39,1151.2
2017-03-07,1161.1,1138.9,1170.12,1129.88,1156.1
2017-03-06,1166.2,1143.8,1175.21,1134.79,1152.7
2017-03-03,1168.2,1145.8,1177.24,1136.76,1142
2017-03-02,1155,1133,1164.02,1123.98,1132.3
2017-02-28,1138.9,1117.1,1147.74,1108.26,1132.1
2017-02-27,1144.9,1123.1,1153.84,1114.16,1131
2017-02-24,1142.4,1120.6,1151.3,1111.7,1138.8
2017-02-23,1149.5,1127.5,1158.42,1118.58,1140.9
2017-02-22,1154.5,1132.5,1163.51,1123.49,1146.8
2017-02-21,1157.6,1135.4,1166.56,1126.44,1147.6
2017-02-20,1158.6,1136.4,1167.58,1127.42,1145.3
2017-02-17,1159.1,1136.9,1168.09,1127.91,1138.9
2017-02-16,1151.5,1129.5,1160.45,1120.55,1141.6
2017-02-15,1152.5,1130.5,1161.47,1121.53,1144.5
2017-02-14,1150.5,1128.5,1159.44,1119.56,1151.9
2017-02-13,1162.6,1140.4,1171.65,1131.35,1151.4
2017-02-10,1159.1,1136.9,1168.09,1127.91,1145.7
2017-02-09,1156.1,1133.9,1165.03,1124.97,1145.4
2017-02-08,1158.6,1136.4,1167.58,1127.42,1142.1
2017-02-07,1156.6,1134.4,1165.54,1125.46,1137.7
2017-02-06,1149,1127,1157.91,1118.09,1146.8
2017-02-03,1160.1,1137.9,1169.1,1128.9,1149.2
2017-02-02,1157.1,1134.9,1166.05,1125.95,1155.2
2017-02-01,1166.7,1144.3,1175.72,1135.28,1165.5
2017-01-31,1175.2,1152.8,1184.37,1143.63,1157.8
2017-01-26,1173.7,1151.3,1182.84,1142.16,1166.2
2017-01-25,1177.3,1154.7,1186.4,1145.6,1163.6
2017-01-24,1178.3,1155.7,1187.42,1146.58,1166.7
2017-01-23,1179.8,1157.2,1188.94,1148.06,1172.5
2017-01-20,1185.3,1162.7,1194.54,1153.46,1177.1
2017-01-19,1188.9,1166.1,1198.1,1156.9,1165.6
2017-01-18,1177.8,1155.2,1186.91,1146.09,1180.9
2017-01-17,1180.8,1158.2,1189.96,1149.04,1180.5
2017-01-16,1195.9,1173.1,1205.22,1163.78,1177.7
2017-01-13,1186.3,1163.7,1195.56,1154.44,1182.8
2017-01-12,1189.4,1166.6,1198.61,1157.39,1196.4
2017-01-11,1207.6,1184.4,1216.93,1175.07,1198.7
2017-01-10,1209.1,1185.9,1218.45,1176.55,1205.5
2017-01-09,1217.6,1194.4,1227.1,1184.9,1189.1
2017-01-06,1205,1182,1214.38,1172.62,1191.6
2017-01-05,1199.5,1176.5,1208.79,1167.21,1206.7
2017-01-04,1214.6,1191.4,1224.05,1181.95,1206.2
2017-01-03,1217.6,1194.4,1227.1,1184.9,1207.8
2017-01-02,1220.7,1197.3,1230.15,1187.85,1208.5
2016-12-30,1213.6,1190.4,1223.03,1180.97,1208.5
2016-12-29,1219.7,1196.3,1229.14,1186.86,1207.6
2016-12-28,1222.2,1198.8,1231.68,1189.32,1205.3
2016-12-27,1219.7,1196.3,1229.14,1186.86,1199.4
2016-12-26,1213.1,1189.9,1222.52,1180.48,1202.9
2016-12-23,1216.1,1192.9,1225.57,1183.43,1198
2016-12-22,1213.1,1189.9,1222.52,1180.48,1194.2
2016-12-21,1206,1183,1215.4,1173.6,1191.2
2016-12-20,1205.5,1182.5,1214.89,1173.11,1186.4
2016-12-19,1199.5,1176.5,1208.79,1167.21,1183.4
2016-12-16,1197.5,1174.5,1206.75,1165.25,1180.1
2016-12-15,1191.9,1169.1,1201.15,1159.85,1168.3
2016-12-14,1180.3,1157.7,1189.45,1148.55,1165.5
2016-12-13,1179.3,1156.7,1188.44,1147.56,1170.2
2016-12-12,1180.8,1158.2,1189.96,1149.04,1166.2
2016-12-09,1177.3,1154.7,1186.4,1145.6,1159.1
2016-12-08,1170.2,1147.8,1179.28,1138.72,1169.4
2016-12-07,1179.3,1156.7,1188.44,1147.56,1169.5
2016-12-06,1182.3,1159.7,1191.49,1150.51,1173.8
2016-12-05,1182.8,1160.2,1192,1151,1170.5
2016-12-02,1183.3,1160.7,1192.51,1151.49,1172.6
2016-12-01,1180.3,1157.7,1189.45,1148.55,1168
2016-11-30,1182.3,1159.7,1191.49,1150.51,1168.5
2016-11-29,1183.3,1160.7,1192.51,1151.49,1170.3
2016-11-28,1180.3,1157.7,1189.45,1148.55,1178.9
2016-11-25,1187.4,1164.6,1196.58,1155.42,1182.4
2016-11-24,1191.9,1169.1,1201.15,1159.85,1174.9
2016-11-23,1187.9,1165.1,1197.08,1155.92,1175.5
2016-11-22,1186.9,1164.1,1196.07,1154.93,1183.6
2016-11-21,1191.9,1169.1,1201.15,1159.85,1182.3
2016-11-18,1194.4,1171.6,1203.7,1162.3,1174.4
2016-11-17,1185.8,1163.2,1195.05,1153.95,1167.2
2016-11-16,1183.8,1161.2,1193.01,1151.99,1168.8
2016-11-15,1177.3,1154.7,1186.4,1145.6,1169.8
2016-11-14,1184.8,1162.2,1194.03,1152.97,1164.4
2016-11-11,1178.8,1156.2,1187.93,1147.07,1151
2016-11-10,1163.6,1141.4,1172.66,1132.34,1145.8
2016-11-09,1159.1,1136.9,1168.09,1127.91,1137.5
2016-11-08,1146.5,1124.5,1155.37,1115.63,1141.6
2016-11-07,1154,1132,1163,1123,1143.4
2016-11-04,1155,1133,1164.02,1123.98,1140.6
2016-11-03,1153.5,1131.5,1162.49,1122.51,1148.7
2016-11-02,1157.6,1135.4,1166.56,1126.44,1141.8
2016-11-01,1152.5,1130.5,1161.47,1121.53,1144.6
2016-10-31,1155.6,1133.4,1164.52,1124.48,1145.2
2016-10-28,1156.6,1134.4,1165.54,1125.46,1140.2
2016-10-27,1153.5,1131.5,1162.49,1122.51,1132.4
2016-10-26,1144.9,1123.1,1153.84,1114.16,1136.5
2016-10-25,1144.4,1122.6,1153.33,1113.67,1134.5
2016-10-24,1142.4,1120.6,1151.3,1111.7,1134.5
2016-10-21,1147.5,1125.5,1156.38,1116.62,1124
2016-10-20,1138.4,1116.6,1147.23,1107.77,1122.8
2016-10-19,1133.8,1112.2,1142.65,1103.35,1132.3
2016-10-18,1138.9,1117.1,1147.74,1108.26,1140.3
2016-10-17,1151.5,1129.5,1160.45,1120.55,1132.9
2016-10-14,1142.9,1121.1,1151.81,1112.19,1130.5
2016-10-13,1148,1126,1156.89,1117.11,1123.3
2016-10-12,1134.3,1112.7,1143.16,1103.84,1117.2
2016-10-11,1133.3,1111.7,1142.14,1102.86,1111
2016-10-10,1120.7,1099.3,1129.42,1090.58,1115.7
2016-10-07,1125.8,1104.2,1134.51,1095.49,1111.3
2016-10-06,1123.7,1102.3,1132.47,1093.53,1113.8
2016-10-05,1124.3,1102.7,1132.98,1094.02,1105.1
2016-10-04,1118.7,1097.3,1127.39,1088.61,1102
2016-09-30,1111.6,1090.4,1120.26,1081.74,1096.3
2016-09-29,1110.6,1089.4,1119.25,1080.75,1095.7
2016-09-28,1109.1,1087.9,1117.72,1079.28,1103.5
2016-09-27,1110.1,1088.9,1118.74,1080.26,1106.9
2016-09-26,1119.7,1098.3,1128.4,1089.6,1104.2
2016-09-23,1114.2,1092.8,1122.81,1084.19,1103.1
2016-09-22,1115.2,1093.8,1123.82,1085.18,1116.8
2016-09-21,1127.8,1106.2,1136.54,1097.46,1119.5
2016-09-20,1131.8,1110.2,1140.61,1101.39,1120
2016-09-19,1130.3,1108.7,1139.09,1099.91,1112.3
2016-09-13,1130.8,1109.2,1139.6,1100.4,1110.6
2016-09-12,1126.8,1105.2,1135.53,1096.47,1099.5
2016-09-09,1112.1,1090.9,1120.77,1082.23,1093.2
2016-09-08,1102,1081,1110.6,1072.4,1093.2
2016-09-07,1102.5,1081.5,1111.11,1072.89,1105
2016-09-06,1117.7,1096.3,1126.37,1087.63,1108.2
2016-09-05,1116.2,1094.8,1124.84,1086.16,1117.6
2016-09-02,1129.3,1107.7,1138.07,1098.93,1119.3
2016-09-01,1133.3,1111.7,1142.14,1102.86,1117.4
2016-08-31,1125.3,1103.7,1134,1095,1118.5
2016-08-30,1128.8,1107.2,1137.56,1098.44,1125.2
2016-08-29,1133.8,1112.2,1142.65,1103.35,1113.9
2016-08-26,1126.3,1104.7,1135.02,1095.98,1119
2016-08-25,1126.8,1105.2,1135.53,1096.47,1121.6
2016-08-24,1131.3,1109.7,1140.1,1100.9,1117.4
2016-08-23,1128.8,1107.2,1137.56,1098.44,1125.3
2016-08-22,1136.9,1115.1,1145.7,1106.3,1115.2
2016-08-19,1132.8,1111.2,1141.63,1102.37,1106.4
2016-08-18,1119.2,1097.8,1127.89,1089.11,1102.3
2016-08-17,1123.7,1102.3,1132.47,1093.53,1095
2016-08-16,1104.6,1083.4,1113.14,1074.86,1101.1
2016-08-12,1116.2,1094.8,1124.84,1086.16,1098.6
2016-08-11,1110.6,1089.4,1119.25,1080.75,1096.1
2016-08-10,1106.1,1084.9,1114.67,1076.33,1107.2
2016-08-09,1117.2,1095.8,1125.86,1087.14,1112.7
2016-08-08,1119.2,1097.8,1127.89,1089.11,1111.3
2016-08-05,1120.2,1098.8,1128.91,1090.09,1113.8
2016-08-04,1125.3,1103.7,1134,1095,1114
2016-08-03,1128.3,1106.7,1137.05,1097.95,1108.9
2016-08-02,1120.2,1098.8,1128.91,1090.09,1111
2016-08-01,1117.2,1095.8,1125.86,1087.14,1122.4
2016-07-29,1134.3,1112.7,1143.16,1103.84,1125.7
2016-07-28,1136.9,1115.1,1145.7,1106.3,1134.1
2016-07-27,1146.5,1124.5,1155.37,1115.63,1138.4
2016-07-26,1147.5,1125.5,1156.38,1116.62,1136.9
2016-07-25,1150,1128,1158.93,1119.07,1135
2016-07-22,1149,1127,1157.91,1118.09,1140.2
2016-07-21,1148,1126,1156.89,1117.11,1140.8
2016-07-20,1153,1131,1161.98,1122.02,1138.4
2016-07-19,1150.5,1128.5,1159.44,1119.56,1136.3
2016-07-18,1148,1126,1156.89,1117.11,1132.7
2016-07-15,1145.5,1123.5,1154.35,1114.65,1141.8
2016-07-14,1148.5,1126.5,1157.4,1117.6,1145.7
2016-07-13,1159.1,1136.9,1168.09,1127.91,1149.3
2016-07-12,1158.6,1136.4,1167.58,1127.42,1147.8
2016-07-11,1160.1,1137.9,1169.1,1128.9,1159.2
2016-07-08,1170.2,1147.8,1179.28,1138.72,1156.6
2016-07-07,1166.7,1144.3,1175.72,1135.28,1165.8
2016-07-06,1176.3,1153.7,1185.38,1144.62,1153
2016-07-05,1168.7,1146.3,1177.75,1137.25,1148.1
2016-07-04,1160.1,1137.9,1169.1,1128.9,1147.5
2016-07-01,1158.6,1136.4,1167.58,1127.42,1152.6
2016-06-30,1160.1,1137.9,1169.1,1128.9,1164.7
2016-06-29,1169.2,1146.8,1178.26,1137.74,1175.9
2016-06-28,1184.3,1161.7,1193.52,1152.48,1183.3
2016-06-27,1191.9,1169.1,1201.15,1159.85,1168.5
2016-06-24,1187.4,1164.6,1196.58,1155.42,1151.2
2016-06-23,1162.1,1139.9,1171.14,1130.86,1155.7
2016-06-22,1165.6,1143.4,1174.7,1134.3,1158.2
2016-06-21,1163.6,1141.4,1172.66,1132.34,1163.2
2016-06-20,1172.2,1149.8,1181.31,1140.69,1170.8
2016-06-17,1184.8,1162.2,1194.03,1152.97,1170.1
2016-06-16,1185.3,1162.7,1194.54,1153.46,1176.3
2016-06-15,1185.3,1162.7,1194.54,1153.46,1172.5
2016-06-14,1190.9,1168.1,1200.14,1158.86,1172.8
2016-06-13,1185.8,1163.2,1195.05,1153.95,1163.1
2016-06-10,1178.8,1156.2,1187.93,1147.07,1155.8
2016-06-09,1170.2,1147.8,1179.28,1138.72,1156.5
2016-06-08,1168.7,1146.3,1177.75,1137.25,1163.2
2016-06-07,1170.2,1147.8,1179.28,1138.72,1186.5
2016-06-03,1196.4,1173.6,1205.73,1164.27,1189.6
2016-06-02,1200,1177,1209.29,1167.71,1192.2
2016-06-01,1204,1181,1213.36,1171.64,1190.5
2016-05-31,1201.5,1178.5,1210.82,1169.18,1190.6
2016-05-30,1203,1180,1212.35,1170.65,1179.3
2016-05-27,1191.9,1169.1,1201.15,1159.85,1181
2016-05-26,1193.9,1171.1,1203.19,1161.81,1185.8
2016-05-25,1194.4,1171.6,1203.7,1162.3,1188.6
2016-05-24,1203.5,1180.5,1212.86,1171.14,1183.1
2016-05-23,1195.9,1173.1,1205.22,1163.78,1188.4
2016-05-20,1203.5,1180.5,1212.86,1171.14,1190.8
2016-05-19,1201.5,1178.5,1210.82,1169.18,1180.9
2016-05-18,1195.4,1172.6,1204.72,1163.28,1173.3
2016-05-17,1185.8,1163.2,1195.05,1153.95,1178.6
2016-05-16,1188.9,1166.1,1198.1,1156.9,1169.4
2016-05-13,1183.3,1160.7,1192.51,1151.49,1164.1
2016-05-12,1178.3,1155.7,1187.42,1146.58,1168.1
2016-05-11,1181.3,1158.7,1190.47,1149.53,1174
2016-05-10,1182.8,1160.2,1192,1151,1164.7
2016-05-09,1180.8,1158.2,1189.96,1149.04,1153.5
2016-05-04,1168.2,1145.8,1177.24,1136.76,1137.1
2016-05-03,1152,1130,1160.96,1121.04,1140.8
2016-05-02,1150.5,1128.5,1159.44,1119.56,1138.1
2016-04-29,1152,1130,1160.96,1121.04,1143.9
2016-04-28,1151,1129,1159.95,1120.05,1145.9
2016-04-27,1160.1,1137.9,1169.1,1128.9,1149.7
2016-04-26,1160.1,1137.9,1169.1,1128.9,1149.7
2016-04-25,1160.1,1137.9,1169.1,1128.9,1141.1
2016-04-22,1155,1133,1164.02,1123.98,1134.9
2016-04-21,1146,1124,1154.86,1115.14,1132.3
2016-04-20,1143.9,1122.1,1152.82,1113.18,1140.5
2016-04-19,1143.9,1122.1,1152.82,1113.18,1151.1
2016-04-18,1159.6,1137.4,1168.59,1128.41,1150.7
2016-04-15,1159.1,1136.9,1168.09,1127.91,1153.4
2016-04-14,1165.1,1142.9,1174.19,1133.81,1144.7
2016-04-12,1154.5,1132.5,1163.51,1123.49,1149.2
2016-04-11,1158.6,1136.4,1167.58,1127.42,1156.5
2016-04-08,1164.1,1141.9,1173.17,1132.83,1154.5
2016-04-07,1164.6,1142.4,1173.68,1133.32,1155.9
2016-04-06,1171.2,1148.8,1180.3,1139.7,1155
2016-04-05,1171.2,1148.8,1180.3,1139.7,1147.8
2016-04-04,1162.1,1139.9,1171.14,1130.86,1148.9
2016-04-01,1163.1,1140.9,1172.16,1131.84,1144.5
2016-03-31,1151,1129,1159.95,1120.05,1153.5
2016-03-30,1158.1,1135.9,1167.07,1126.93,1163
2016-03-29,1176.8,1154.2,1185.89,1145.11,1169.6
2016-03-28,1177.3,1154.7,1186.4,1145.6,1169.4
2016-03-25,1181.3,1158.7,1190.47,1149.53,1167.1
2016-03-24,1179.3,1156.7,1188.44,1147.56,1158.8
2016-03-23,1173.2,1150.8,1182.33,1141.67,1159.5
2016-03-22,1170.2,1147.8,1179.28,1138.72,1165.3
2016-03-21,1172.2,1149.8,1181.31,1140.69,1161.3
2016-03-18,1174.2,1151.8,1183.35,1142.65,1174.5
2016-03-17,1181.3,1158.7,1190.47,1149.53,1192.7
2016-03-16,1205.5,1182.5,1214.89,1173.11,1189.2
2016-03-15,1202.5,1179.5,1211.84,1170.16,1186.5
2016-03-14,1199,1176,1208.28,1166.72,1200.1
2016-03-11,1205.5,1182.5,1214.89,1173.11,1208.8
2016-03-10,1213.1,1189.9,1222.52,1180.48,1214.5
2016-03-09,1226.7,1203.3,1236.26,1193.74,1205.2
2016-03-08,1220.7,1197.3,1230.15,1187.85,1200.7
2016-03-07,1217.6,1194.4,1227.1,1184.9,1208.5
2016-03-04,1218.7,1195.3,1228.12,1185.88,1218.9
2016-03-03,1227.2,1203.8,1236.77,1194.23,1232.7
2016-03-02,1239.9,1216.1,1249.49,1206.51,1240.9
2016-02-29,1248.9,1225.1,1258.64,1215.36,1235.4
2016-02-26,1248.4,1224.6,1258.13,1214.87,1236.1
2016-02-25,1253,1229,1262.71,1219.29,1234.8
2016-02-24,1246.4,1222.6,1256.1,1212.9,1230.1
2016-02-23,1243.9,1220.1,1253.56,1210.44,1233.2
2016-02-22,1243.9,1220.1,1253.56,1210.44,1233.9
2016-02-19,1245.9,1222.1,1255.59,1212.41,1225.7
2016-02-18,1240.9,1217.1,1250.5,1207.5,1224.8
2016-02-17,1238.9,1215.1,1248.47,1205.53,1216.6
2016-02-16,1227.7,1204.3,1237.28,1194.72,1209.9
2016-02-15,1220.7,1197.3,1230.15,1187.85,1206.5
2016-02-12,1220.7,1197.3,1230.15,1187.85,1197
2016-02-11,1214.6,1191.4,1224.05,1181.95,1195.1
2016-02-05,1209.1,1185.9,1218.45,1176.55,1202.7
2016-02-04,1209.6,1186.4,1218.96,1177.04,1216.7
2016-02-03,1228.8,1205.2,1238.29,1195.71,1203.1
2016-02-02,1219.7,1196.3,1229.14,1186.86,1204.5
2016-02-01,1214.1,1190.9,1223.54,1181.46,1206.2
2016-01-29,1216.6,1193.4,1226.08,1183.92,1208.4
2016-01-28,1219.2,1195.8,1228.63,1186.37,1201
2016-01-27,1214.1,1190.9,1223.54,1181.46,1201.4
2016-01-26,1216.1,1192.9,1225.57,1183.43,1194.4
2016-01-25,1208.6,1185.4,1217.94,1176.06,1203.2
2016-01-22,1211.1,1187.9,1220.49,1178.51,1209.9
2016-01-21,1225.2,1201.8,1234.73,1192.27,1211.6
2016-01-20,1227.7,1204.3,1237.28,1194.72,1209.9
2016-01-19,1218.2,1194.8,1227.61,1185.39,1212.5
2016-01-18,1223.2,1199.8,1232.7,1190.3,1211
2016-01-15,1227.2,1203.8,1236.77,1194.23,1212.7
2016-01-14,1225.7,1202.3,1235.24,1192.76,1206.4
2016-01-13,1215.6,1192.4,1225.07,1182.93,1208.5
2016-01-12,1222.7,1199.3,1232.19,1189.81,1208.6
2016-01-11,1218.2,1194.8,1227.61,1185.39,1196.2
2016-01-08,1210.6,1187.4,1219.98,1178.02,1199.7
2016-01-07,1210.6,1187.4,1219.98,1178.02,1193.9
2016-01-06,1210.6,1187.4,1219.98,1178.02,1187.7
2016-01-05,1200,1177,1209.29,1167.71,1184.3
2016-01-04,1200.5,1177.5,1209.8,1168.2,1172
